{
  "results": [
    {
      "command": "npm run --silent ts-node bench/typeorm.ts 100",
      "mean": 3.17331047978,
      "stddev": 0.3205784307221654,
      "median": 3.02108586608,
      "user": 4.441528140000001,
      "system": 0.26015594,
      "min": 2.89845561458,
      "max": 3.72994451358,
      "times": [
        3.51737445858,
        3.04540108858,
        2.9967706435799997,
        2.89845561458,
        2.9532600585799997,
        2.98759379258,
        2.90074835858,
        3.72994451358,
        3.07542999658,
        3.62812627258
      ],
      "exit_codes": [
        0,
        0,
        0,
        0,
        0,
        0,
        0,
        0,
        0,
        0
      ],
      "parameters": {
        "amount": "100"
      }
    },
    {
      "command": "npm run --silent ts-node bench/drizzle.ts 100",
      "mean": 2.83439279688,
      "stddev": 0.10727910634962157,
      "median": 2.82514059258,
      "user": 4.14718454,
      "system": 0.20706493999999998,
      "min": 2.67855645158,
      "max": 2.97975261758,
      "times": [
        2.93047707758,
        2.97975261758,
        2.85321179558,
        2.77682695258,
        2.72274201758,
        2.93858424858,
        2.93471369758,
        2.79706938958,
        2.67855645158,
        2.73199372058
      ],
      "exit_codes": [
        0,
        0,
        0,
        0,
        0,
        0,
        0,
        0,
        0,
        0
      ],
      "parameters": {
        "amount": "100"
      }
    },
    {
      "command": "npm run --silent ts-node bench/prisma.ts 100",
      "mean": 2.5242646173799996,
      "stddev": 0.04447822282231658,
      "median": 2.51917786258,
      "user": 3.42882254,
      "system": 0.23281643999999999,
      "min": 2.45112462658,
      "max": 2.6218708285799996,
      "times": [
        2.6218708285799996,
        2.51326715658,
        2.5468288165799997,
        2.50976402358,
        2.53210526158,
        2.52296424458,
        2.48498477358,
        2.54434496158,
        2.51539148058,
        2.45112462658
      ],
      "exit_codes": [
        0,
        0,
        0,
        0,
        0,
        0,
        0,
        0,
        0,
        0
      ],
      "parameters": {
        "amount": "100"
      }
    },
    {
      "command": "npm run --silent ts-node bench/typeorm.ts 1000",
      "mean": 7.60761724678,
      "stddev": 0.22585603649732225,
      "median": 7.56533296508,
      "user": 8.42296674,
      "system": 0.5149429400000001,
      "min": 7.41377127658,
      "max": 8.11783381958,
      "times": [
        8.11783381958,
        7.67176821558,
        7.43619225658,
        7.83744195458,
        7.60103534058,
        7.42104420058,
        7.52963058958,
        7.42405216158,
        7.62340265258,
        7.41377127658
      ],
      "exit_codes": [
        0,
        0,
        0,
        0,
        0,
        0,
        0,
        0,
        0,
        0
      ],
      "parameters": {
        "amount": "1000"
      }
    },
    {
      "command": "npm run --silent ts-node bench/drizzle.ts 1000",
      "mean": 5.0857218701799995,
      "stddev": 0.1226832500035587,
      "median": 5.04316613858,
      "user": 5.879882239999999,
      "system": 0.30827753999999996,
      "min": 4.95417389258,
      "max": 5.29496707458,
      "times": [
        5.0387184625799994,
        5.29496707458,
        5.04720373958,
        5.1188187545799995,
        5.18275882258,
        5.03912853758,
        5.25361116158,
        4.95417389258,
        4.95561000258,
        4.97222825358
      ],
      "exit_codes": [
        0,
        0,
        0,
        0,
        0,
        0,
        0,
        0,
        0,
        0
      ],
      "parameters": {
        "amount": "1000"
      }
    },
    {
      "command": "npm run --silent ts-node bench/prisma.ts 1000",
      "mean": 7.2127564581799986,
      "stddev": 0.10292086433490266,
      "median": 7.19951356158,
      "user": 7.158346739999999,
      "system": 0.48782633999999997,
      "min": 7.03748945558,
      "max": 7.36471116258,
      "times": [
        7.35745941458,
        7.03748945558,
        7.36471116258,
        7.2608832755799995,
        7.17142392458,
        7.2032991085799996,
        7.15666198358,
        7.19572801458,
        7.2674014495799995,
        7.11250679258
      ],
      "exit_codes": [
        0,
        0,
        0,
        0,
        0,
        0,
        0,
        0,
        0,
        0
      ],
      "parameters": {
        "amount": "1000"
      }
    }
  ]
}
