{
  "results": [
    {
      "command": "npm run --silent ts-node bench/typeorm.ts 2",
      "mean": 2.73401176854,
      "stddev": 0.047010985638405556,
      "median": 2.7203224208399996,
      "user": 3.8655028400000004,
      "system": 0.24393467999999996,
      "min": 2.68198195084,
      "max": 2.8318181728400003,
      "times": [
        2.75211489184,
        2.71987317984,
        2.7207716618399997,
        2.8318181728400003,
        2.74115115184,
        2.68198195084,
        2.79178276184,
        2.69219739484,
        2.70338424084,
        2.70504227884
      ],
      "exit_codes": [
        0,
        0,
        0,
        0,
        0,
        0,
        0,
        0,
        0,
        0
      ],
      "parameters": {
        "amount": "2"
      }
    },
    {
      "command": "npm run --silent ts-node bench/drizzle.ts 2",
      "mean": 2.57504913014,
      "stddev": 0.048836550900129706,
      "median": 2.58911100134,
      "user": 3.81901404,
      "system": 0.21614928,
      "min": 2.50408142084,
      "max": 2.6329780128399998,
      "times": [
        2.51681540684,
        2.50408142084,
        2.52899715684,
        2.53606893284,
        2.59738393884,
        2.61674526784,
        2.6329780128399998,
        2.62221350284,
        2.58083806384,
        2.61436959784
      ],
      "exit_codes": [
        0,
        0,
        0,
        0,
        0,
        0,
        0,
        0,
        0,
        0
      ],
      "parameters": {
        "amount": "2"
      }
    },
    {
      "command": "npm run --silent ts-node bench/prisma.ts 2",
      "mean": 2.36442101744,
      "stddev": 0.04553075597405862,
      "median": 2.35449004084,
      "user": 3.29497934,
      "system": 0.22768927999999997,
      "min": 2.30290995284,
      "max": 2.43801912584,
      "times": [
        2.4151052008400002,
        2.42208080184,
        2.43801912584,
        2.36302697084,
        2.33806160784,
        2.35578023284,
        2.35319984884,
        2.32525438884,
        2.33077204384,
        2.30290995284
      ],
      "exit_codes": [
        0,
        0,
        0,
        0,
        0,
        0,
        0,
        0,
        0,
        0
      ],
      "parameters": {
        "amount": "2"
      }
    },
    {
      "command": "npm run --silent ts-node bench/typeorm.ts 5",
      "mean": 2.88033882474,
      "stddev": 0.03231570353657006,
      "median": 2.86912740484,
      "user": 4.03548324,
      "system": 0.26721928000000006,
      "min": 2.84418941884,
      "max": 2.91962275984,
      "times": [
        2.91962275984,
        2.91469736184,
        2.91241153484,
        2.87952512184,
        2.85872968784,
        2.85112674284,
        2.91839804084,
        2.84418941884,
        2.85119123484,
        2.85349634384
      ],
      "exit_codes": [
        0,
        0,
        0,
        0,
        0,
        0,
        0,
        0,
        0,
        0
      ],
      "parameters": {
        "amount": "5"
      }
    },
    {
      "command": "npm run --silent ts-node bench/drizzle.ts 5",
      "mean": 2.6255395418400003,
      "stddev": 0.04200995245514401,
      "median": 2.63281876484,
      "user": 3.8951220400000004,
      "system": 0.21710268,
      "min": 2.56310033484,
      "max": 2.68728172884,
      "times": [
        2.68728172884,
        2.66544262484,
        2.6327749538400003,
        2.6601978598400002,
        2.64614426184,
        2.57054246084,
        2.63286257584,
        2.6120235798399998,
        2.58502503784,
        2.56310033484
      ],
      "exit_codes": [
        0,
        0,
        0,
        0,
        0,
        0,
        0,
        0,
        0,
        0
      ],
      "parameters": {
        "amount": "5"
      }
    },
    {
      "command": "npm run --silent ts-node bench/prisma.ts 5",
      "mean": 2.38134481474,
      "stddev": 0.021633682680667506,
      "median": 2.38195854634,
      "user": 3.2895568400000004,
      "system": 0.23681088,
      "min": 2.34371457184,
      "max": 2.41067851184,
      "times": [
        2.38497311584,
        2.39976200884,
        2.39162265684,
        2.40054824984,
        2.37599294084,
        2.41067851184,
        2.34371457184,
        2.37894397684,
        2.34868714484,
        2.37852496984
      ],
      "exit_codes": [
        0,
        0,
        0,
        0,
        0,
        0,
        0,
        0,
        0,
        0
      ],
      "parameters": {
        "amount": "5"
      }
    },
    {
      "command": "npm run --silent ts-node bench/typeorm.ts 100",
      "mean": 3.42489306712,
      "stddev": 0.015287249008194314,
      "median": 3.4202092344199997,
      "user": 4.138968059999999,
      "system": 0.29183404,
      "min": 3.41078837792,
      "max": 3.45731560792,
      "times": [
        3.41078837792,
        3.41426912792,
        3.4242584579199997,
        3.4109493239199997,
        3.42532493592,
        3.45731560792,
        3.42113803592,
        3.44648728692,
        3.41928043292,
        3.4191190839199996
      ],
      "exit_codes": [
        0,
        0,
        0,
        0,
        0,
        0,
        0,
        0,
        0,
        0
      ],
      "parameters": {
        "amount": "100"
      }
    },
    {
      "command": "npm run --silent ts-node bench/drizzle.ts 100",
      "mean": 2.97218027042,
      "stddev": 0.0466879651724874,
      "median": 2.95387279942,
      "user": 3.92812906,
      "system": 0.22463144000000002,
      "min": 2.92990255492,
      "max": 3.08479746992,
      "times": [
        2.95705951292,
        2.9503135159199996,
        2.95650327192,
        3.00516899992,
        2.95124232692,
        2.92990255492,
        2.95066065392,
        2.9351236149199997,
        3.08479746992,
        3.0010307829199996
      ],
      "exit_codes": [
        0,
        0,
        0,
        0,
        0,
        0,
        0,
        0,
        0,
        0
      ],
      "parameters": {
        "amount": "100"
      }
    },
    {
      "command": "npm run --silent ts-node bench/prisma.ts 100",
      "mean": 3.19886928782,
      "stddev": 0.12443994072549003,
      "median": 3.1516311549199996,
      "user": 3.573231259999999,
      "system": 0.2854406399999999,
      "min": 3.0895414039199998,
      "max": 3.4956270079199996,
      "times": [
        3.4956270079199996,
        3.16694603292,
        3.3101994149199996,
        3.25639216092,
        3.1548108449199996,
        3.1173224979199996,
        3.14845146492,
        3.0895414039199998,
        3.14039723492,
        3.1090048149199996
      ],
      "exit_codes": [
        0,
        0,
        0,
        0,
        0,
        0,
        0,
        0,
        0,
        0
      ],
      "parameters": {
        "amount": "100"
      }
    },
    {
      "command": "npm run --silent ts-node bench/typeorm.ts 1000",
      "mean": 10.319714700919999,
      "stddev": 0.4974189674645286,
      "median": 10.16845195292,
      "user": 6.62901136,
      "system": 0.63502084,
      "min": 9.82366034392,
      "max": 11.45184180192,
      "times": [
        9.99378730992,
        9.96931126392,
        10.89121001792,
        11.45184180192,
        10.21343458692,
        10.12346931892,
        10.407789795920001,
        10.027738068920002,
        10.294904500920001,
        9.82366034392
      ],
      "exit_codes": [
        0,
        0,
        0,
        0,
        0,
        0,
        0,
        0,
        0,
        0
      ],
      "parameters": {
        "amount": "1000"
      }
    },
    {
      "command": "npm run --silent ts-node bench/drizzle.ts 1000",
      "mean": 6.92819164142,
      "stddev": 0.1148291609525765,
      "median": 6.92754334842,
      "user": 5.049358459999999,
      "system": 0.42167783999999997,
      "min": 6.78072661892,
      "max": 7.08268164992,